Destination;Article;Quantite;NumSerie
PUP VOLVO FRANCE;23392363;20;640083525
PUP VOLVO FRANCE;23392363;20;640083526
PUP VOLVO FRANCE;23392363;20;640083527
PUP VOLVO FRANCE;23392363;20;640083528
PUP VOLVO FRANCE;23392363;20;640083529
PUP VOLVO FRANCE;21750945;50;640083530
PUP VOLVO FRANCE;21750945;50;640083531
PUP VOLVO FRANCE;21750945;50;640083532
PUP VOLVO FRANCE;21750945;50;640083533
PUP VOLVO FRANCE;23013188;20;640083534
PUP VOLVO FRANCE;23013188;20;640083535
PUP VOLVO SWEDEN;23392363;20;640083536
PUP VOLVO SWEDEN;23392363;20;640083537
PUP VOLVO SWEDEN;23392363;20;640083538
PUP VOLVO SWEDEN;23392363;20;640083539
PUP VOLVO SWEDEN;23392363;20;640083540
PUP VOLVO SWEDEN;21750945;50;640083541
PUP VOLVO SWEDEN;21750945;50;640083542
PUP VOLVO SWEDEN;21750945;50;640083543
PUP VOLVO SWEDEN;21750945;50;640083544
PUP VOLVO SWEDEN;23013188;20;640083545
PUP VOLVO SWEDEN;23013188;20;640083546
