Destination;Article;NumSerie;Quantite
PUP VOLVO FRANCE;21706081;640083478;15
PUP VOLVO FRANCE;21706081;640083479;15
PUP VOLVO FRANCE;21706081;640083480;15
PUP VOLVO FRANCE;21706081;640083481;15
PUP VOLVO FRANCE;21706081;640083482;15
PUP VOLVO FRANCE;21706081;640083483;15
PUP VOLVO FRANCE;21706081;640083484;15
PUP VOLVO FRANCE;21706081;640083485;15
PUP VOLVO FRANCE;21706081;640083486;15
PUP VOLVO FRANCE;21706081;640083487;15
PUP VOLVO FRANCE;21706081;640083488;15
PUP VOLVO FRANCE;21706081;640083489;15
PUP VOLVO FRANCE;21992169;640083490;10
PUP VOLVO FRANCE;21992169;640083491;10
PUP VOLVO FRANCE;21992169;640083492;10
PUP VOLVO FRANCE;21992169;640083493;10
PUP VOLVO FRANCE;21992169;640083494;10
PUP VOLVO FRANCE;21992169;640083495;10
PUP VOLVO FRANCE;21992169;640083496;10
PUP VOLVO FRANCE;21992169;640083497;10
PUP VOLVO FRANCE;21992169;640083498;10
PUP VOLVO FRANCE;21992169;640083499;10
PUP VOLVO FRANCE;21992169;640083500;10
PUP VOLVO FRANCE;22299160;640083501;10
PUP VOLVO FRANCE;22299160;640083502;10
PUP VOLVO FRANCE;22299160;640083503;10
PUP VOLVO FRANCE;22299160;640083504;10
PUP VOLVO FRANCE;22299160;640083505;10
PUP VOLVO FRANCE;22299160;640083506;10
PUP VOLVO FRANCE;22052300;640083507;8
PUP VOLVO FRANCE;22052300;640083508;8
PUP VOLVO FRANCE;22052300;640083509;8
PUP VOLVO FRANCE;22052300;640083510;8
PUP VOLVO FRANCE;22052300;640083511;8
PUP VOLVO FRANCE;22052300;640083512;8
PUP VOLVO FRANCE;21493685;640083513;10
PUP VOLVO FRANCE;21493685;640083514;10
PUP VOLVO FRANCE;22006708;640083515;5
PUP VOLVO FRANCE;22006708;640083516;5
PUP VOLVO FRANCE;22006708;640083517;5
PUP VOLVO FRANCE;22006708;640083518;5
PUP VOLVO FRANCE;21749493;640083519;10
PUP VOLVO FRANCE;21749493;640083520;10
PUP VOLVO FRANCE;22588679;640083521;15
PUP VOLVO FRANCE;22761601;640083522;10
PUP VOLVO FRANCE;22006713;640083523;8
PUP VOLVO FRANCE;22006713;640083524;8
PUP VOLVO FRANCE;23392363;640083525;20
PUP VOLVO FRANCE;23392363;640083526;20
PUP VOLVO FRANCE;23392363;640083527;20
PUP VOLVO FRANCE;23392363;640083528;20
PUP VOLVO FRANCE;23392363;640083529;20
PUP VOLVO FRANCE;21750945;640083530;50
PUP VOLVO FRANCE;21750945;640083531;50
PUP VOLVO FRANCE;21750945;640083532;50
PUP VOLVO FRANCE;21750945;640083533;50
PUP VOLVO FRANCE;23013188;640083534;20
PUP VOLVO FRANCE;23013188;640083535;20
PUP VOLVO FRANCE;22020753;640083536;24
PUP VOLVO FRANCE;22020753;640083537;24
PUP VOLVO FRANCE;22020753;640083538;24
PUP VOLVO FRANCE;23325885;640083539;24
PUP VOLVO FRANCE;23325885;640083540;24
PUP VOLVO FRANCE;23325885;640083541;24
PUP VOLVO FRANCE;23325885;640083542;24
PUP VOLVO FRANCE;23325885;640083543;24
PUP VOLVO FRANCE;22347607;640083544;25
PUP VOLVO FRANCE;22347607;640083545;25
PUP VOLVO FRANCE;23014889;640083546;6
PUP VOLVO FRANCE;23014889;640083547;6
PUP VOLVO FRANCE;23014889;640083548;6
PUP VOLVO FRANCE;23014889;640083549;6
PUP VOLVO FRANCE;23014889;640083550;6
PUP VOLVO FRANCE;22279234;640083551;3
PUP VOLVO FRANCE;22279234;640083552;3
PUP VOLVO FRANCE;22279234;640083553;3
PUP VOLVO FRANCE;22108492;640083554;3
PUP VOLVO FRANCE;22020889;640083555;3
PUP VOLVO FRANCE;22120536;640083556;3
PUP VOLVO FRANCE;22120536;640083557;3
PUP VOLVO FRANCE;23247560;640083558;20
PUP VOLVO FRANCE;22216200;640083559;120
PUP VOLVO FRANCE;22216200;640083560;120
PUP VOLVO FRANCE;22409829;640083561;24
PUP VOLVO FRANCE;23325885;640083562;24
PUP VOLVO FRANCE;23014975;640083563;20
PUP VOLVO FRANCE;23014975;640083564;20
PUP VOLVO FRANCE;23013188;640083565;20
PUP VOLVO FRANCE;22279234;640083566;3
PUP VOLVO FRANCE;22279234;640083567;3
PUP VOLVO FRANCE;22279234;640083568;3
PUP VOLVO FRANCE;22279234;640083569;3
PUP VOLVO FRANCE;22279234;640083570;3
PUP VOLVO FRANCE;22279234;640083571;3
PUP VOLVO FRANCE;22279234;640083572;3
PUP VOLVO FRANCE;22299160;640083573;10
PUP VOLVO FRANCE;22299160;640083574;10
PUP VOLVO FRANCE;22299160;640083575;10
PUP VOLVO FRANCE;22006703;640083576;15
PUP VOLVO FRANCE;21750945;640083577;50
PUP VOLVO FRANCE;21750945;640083578;50
PUP VOLVO FRANCE;21750945;640083579;50
PUP VOLVO FRANCE;21750945;640083580;50
PUP VOLVO FRANCE;23381363;640083581;25
PUP VOLVO FRANCE;22045793;640083582;5
PUP VOLVO FRANCE;21706081;640083583;15
PUP VOLVO FRANCE;23014889;640083594;6
PUP VOLVO FRANCE;23014889;640083595;6
PUP VOLVO FRANCE;22634696;640083616;2
PUP VOLVO FRANCE;22634696;640083617;2
PUP VOLVO FRANCE;22347607;640083596;25
PUP VOLVO FRANCE;22347607;640083597;25
PUP VOLVO FRANCE;22347233;640083598;3
PUP VOLVO FRANCE;23014889;640083600;6
PUP VOLVO FRANCE;23014889;640083601;6
PUP VOLVO FRANCE;23013215;640083603;6
PUP VOLVO FRANCE;22039729;640083606;8
PUP VOLVO FRANCE;22739159;640083607;8
PUP VOLVO FRANCE;22038357;640083608;8
PUP VOLVO FRANCE;22052300;640083609;8
PUP VOLVO FRANCE;22052300;640083610;8
PUP VOLVO FRANCE;22052300;640083611;8
PUP VOLVO FRANCE;22052300;640083612;8
PUP VOLVO FRANCE;23244043;640083615;24
PUP VOLVO FRANCE;22216200;640083695;120
PUP VOLVO FRANCE;22216200;640083696;120
PUP VOLVO FRANCE;22216200;640083697;120
PUP VOLVO FRANCE;22216200;640083698;120
PUP VOLVO FRANCE;22216200;640083699;120
PUP VOLVO FRANCE;22216200;640083700;120
PUP VOLVO FRANCE;23392363;640083701;20
PUP VOLVO FRANCE;23392363;640083702;20
PUP VOLVO FRANCE;22347607;640083703;25
PUP VOLVO FRANCE;22347607;640083704;25
PUP VOLVO FRANCE;22347607;640083705;25
PUP VOLVO FRANCE;23014889;640083706;6
PUP VOLVO FRANCE;23014889;640083707;6
PUP VOLVO FRANCE;23014889;640083708;6
PUP VOLVO FRANCE;23014889;640083709;6
PUP VOLVO FRANCE;23014889;640083710;6
PUP VOLVO FRANCE;23014889;640083711;6
PUP VOLVO FRANCE;23014889;640083712;6
PUP VOLVO FRANCE;23014889;640083713;6
PUP VOLVO FRANCE;23014889;640083714;6
PUP VOLVO FRANCE;23014889;640083715;6
PUP VOLVO FRANCE;23014889;640083716;6
PUP VOLVO FRANCE;23014889;640083717;6
PUP VOLVO FRANCE;23014889;640083718;6
PUP VOLVO FRANCE;23014889;640083719;6
PUP VOLVO FRANCE;22540791;640083720;3
PUP VOLVO FRANCE;22540791;640083721;3
PUP VOLVO FRANCE;22540791;640083722;3
PUP VOLVO FRANCE;22540791;640083723;3
PUP VOLVO FRANCE;22540791;640083724;3
PUP VOLVO FRANCE;22540791;640083725;3
PUP VOLVO FRANCE;22540791;640083726;3
PUP VOLVO FRANCE;22540791;640083727;3
PUP VOLVO FRANCE;22540791;640083728;3
PUP VOLVO FRANCE;22540791;640083729;3
PUP VOLVO FRANCE;22540791;640083730;3
PUP VOLVO FRANCE;22540791;640083731;3
PUP VOLVO FRANCE;22540791;640083732;3
PUP VOLVO FRANCE;23013202;640083733;6
PUP VOLVO FRANCE;22347229;640083734;1
PUP VOLVO FRANCE;23325885;640083735;24
PUP VOLVO FRANCE;23325885;640083736;24
PUP VOLVO FRANCE;23325885;640083737;24
PUP VOLVO FRANCE;23325885;640083738;24
PUP VOLVO FRANCE;22409829;640083739;24
PUP VOLVO FRANCE;22636041;640083740;20
PUP VOLVO FRANCE;22636041;640083741;20
PUP VOLVO FRANCE;22636041;640083742;20
PUP VOLVO FRANCE;22477016;640083743;5
PUP VOLVO FRANCE;22477016;640083744;5
PUP VOLVO FRANCE;23013188;640083745;20
PUP VOLVO FRANCE;23013188;640083746;20
PUP VOLVO FRANCE;22644500;640083747;20
PUP VOLVO FRANCE;22644500;640083748;20
PUP VOLVO FRANCE;22644500;640083749;20
PUP VOLVO FRANCE;22644500;640083750;20
PUP VOLVO FRANCE;22644500;640083751;20
PUP VOLVO FRANCE;22644500;640083752;20
PUP VOLVO FRANCE;22644500;640083753;20
PUP VOLVO FRANCE;22644500;640083754;20
PUP VOLVO FRANCE;22644500;640083755;20
PUP VOLVO FRANCE;21992169;640083756;10
PUP VOLVO FRANCE;21992169;640083757;10
PUP VOLVO FRANCE;21992169;640083758;10
PUP VOLVO FRANCE;21992169;640083759;10
PUP VOLVO FRANCE;21992169;640083760;10
PUP VOLVO FRANCE;21992169;640083761;10
PUP VOLVO FRANCE;22299160;640083762;10
PUP VOLVO FRANCE;22299160;640083763;10
PUP VOLVO FRANCE;23381363;640083764;25
PUP VOLVO FRANCE;23381363;640083765;25
PUP VOLVO FRANCE;23381363;640083766;25
PUP VOLVO FRANCE;23381363;640083767;25
PUP VOLVO FRANCE;21750945;640083768;50
PUP VOLVO FRANCE;21750945;640083769;50
PUP VOLVO FRANCE;21750945;640083770;50
PUP VOLVO FRANCE;21750945;640083771;50
PUP VOLVO FRANCE;21750945;640083772;50
PUP VOLVO FRANCE;21750945;640083773;50
PUP VOLVO FRANCE;21750945;640083774;50
PUP VOLVO FRANCE;21750945;640083775;50
PUP VOLVO FRANCE;22006703;640083776;15
PUP VOLVO FRANCE;22006703;640083777;15
PUP VOLVO FRANCE;22739159;640083778;8
PUP VOLVO FRANCE;23013215;640083780;6
PUP VOLVO FRANCE;23013215;640083781;6
PUP VOLVO FRANCE;23013215;640083782;6
PUP VOLVO FRANCE;23013215;640083783;6
PUP VOLVO FRANCE;23013215;640083784;6
PUP VOLVO FRANCE;21725992;640083785;40
PUP VOLVO FRANCE;21706081;640083843;15
PUP VOLVO FRANCE;21706081;640083844;15
PUP VOLVO FRANCE;21706081;640083845;15
PUP VOLVO FRANCE;21706081;640083846;15
PUP VOLVO FRANCE;22052300;640083847;8
PUP VOLVO FRANCE;22052300;640083848;8
PUP VOLVO FRANCE;21992169;640083849;10
PUP VOLVO FRANCE;21992169;640083850;10
PUP VOLVO FRANCE;21992169;640083851;10
PUP VOLVO FRANCE;21992169;640083852;10
PUP VOLVO FRANCE;21992169;640083853;10
PUP VOLVO FRANCE;21992169;640083854;10
PUP VOLVO FRANCE;21992169;640083855;10
PUP VOLVO FRANCE;21992169;640083856;10
PUP VOLVO FRANCE;21992169;640083857;10
PUP VOLVO FRANCE;21992169;640083858;10
PUP VOLVO FRANCE;23325885;640083859;24
PUP VOLVO FRANCE;23325885;640083860;24
PUP VOLVO FRANCE;21460185;640083861;8
PUP VOLVO FRANCE;21460185;640083862;8
PUP VOLVO FRANCE;21460185;640083863;8
PUP VOLVO FRANCE;23392363;640083864;20
PUP VOLVO FRANCE;23014889;640083865;6
PUP VOLVO FRANCE;23014889;640083866;6
PUP VOLVO FRANCE;22347233;640083867;3
PUP VOLVO FRANCE;22108492;640083868;3
PUP VOLVO FRANCE;22831243;640083869;3
PUP VOLVO FRANCE;22644500;640083870;20
PUP VOLVO FRANCE;22644500;640083871;20
PUP VOLVO FRANCE;22644500;640083872;20
PUP VOLVO FRANCE;22644500;640083873;20
PUP VOLVO FRANCE;22584142;640083930;3
PUP VOLVO FRANCE;22584142;640083931;3
PUP VOLVO FRANCE;22020874;640083932;3
PUP VOLVO FRANCE;22020874;640083933;3
PUP VOLVO FRANCE;22020874;640083934;3
PUP VOLVO FRANCE;22020874;640083935;3
PUP VOLVO FRANCE;22020874;640083936;3
PUP VOLVO FRANCE;22020874;640083937;3
PUP VOLVO FRANCE;22020874;640083938;3
PUP VOLVO FRANCE;22831248;640083939;3
PUP VOLVO FRANCE;23014889;640083940;6
PUP VOLVO FRANCE;23014889;640083941;6
PUP VOLVO FRANCE;23014889;640083942;6
PUP VOLVO FRANCE;23014889;640083943;6
PUP VOLVO FRANCE;23013215;640083944;6
PUP VOLVO FRANCE;23013215;640083945;6
PUP VOLVO FRANCE;22347607;640083946;25
PUP VOLVO FRANCE;22347607;640083947;25
PUP VOLVO FRANCE;22409829;640083948;24
PUP VOLVO FRANCE;22221908;640083949;24
PUP VOLVO FRANCE;23247560;640083950;20
PUP VOLVO FRANCE;23013188;640083951;20
PUP VOLVO FRANCE;22644500;640083952;20
PUP VOLVO FRANCE;22644500;640083953;20
PUP VOLVO FRANCE;22644500;640083954;20
PUP VOLVO FRANCE;21750945;640083955;50
PUP VOLVO FRANCE;21750945;640083956;50
PUP VOLVO FRANCE;21750945;640083957;50
PUP VOLVO FRANCE;21750945;640083958;50
PUP VOLVO FRANCE;21992169;640083959;10
PUP VOLVO FRANCE;21992169;640083960;10
PUP VOLVO FRANCE;21992169;640083961;10
PUP VOLVO FRANCE;21992169;640083962;10
PUP VOLVO FRANCE;21992169;640083963;10
PUP VOLVO FRANCE;21992169;640083964;10
PUP VOLVO FRANCE;21992169;640083965;10
PUP VOLVO FRANCE;21992169;640083966;10
PUP VOLVO FRANCE;22108492;640083969;3
PUP VOLVO FRANCE;22825600;640083970;3
PUP VOLVO FRANCE;22825600;640083971;3
PUP VOLVO FRANCE;22825600;640083972;3
PUP VOLVO FRANCE;22825600;640083973;3
PUP VOLVO FRANCE;22825600;640083974;3
PUP VOLVO FRANCE;22825600;640083975;3
PUP VOLVO FRANCE;22818381;640083995;12
PUP VOLVO FRANCE;22020753;640083996;24
PUP VOLVO FRANCE;22020753;640083997;24
PUP VOLVO FRANCE;22020753;640083998;24
PUP VOLVO FRANCE;22347607;640083999;25
PUP VOLVO FRANCE;23013215;640084000;6
PUP VOLVO FRANCE;23013215;640084001;6
PUP VOLVO FRANCE;23013215;640084002;6
PUP VOLVO FRANCE;23013215;640084003;6
PUP VOLVO FRANCE;23013215;640084004;6
PUP VOLVO FRANCE;22020874;640084005;3
PUP VOLVO FRANCE;22020874;640084006;3
PUP VOLVO FRANCE;22020874;640084007;3
PUP VOLVO FRANCE;22020874;640084008;3
PUP VOLVO FRANCE;22020874;640084009;3
PUP VOLVO FRANCE;22347233;640084010;3
PUP VOLVO FRANCE;23013202;640084011;6
PUP VOLVO FRANCE;23013202;640084012;6
PUP VOLVO FRANCE;23014889;640084013;6
PUP VOLVO FRANCE;23014889;640084014;6
PUP VOLVO FRANCE;23014889;640084015;6
PUP VOLVO FRANCE;23014889;640084016;6
PUP VOLVO FRANCE;23014889;640084017;6
PUP VOLVO FRANCE;23014889;640084018;6
PUP VOLVO FRANCE;23014889;640084019;6
PUP VOLVO FRANCE;23014889;640084020;6
PUP VOLVO FRANCE;23014889;640084021;6
PUP VOLVO FRANCE;22409829;640084022;24
PUP VOLVO FRANCE;22409829;640084023;24
PUP VOLVO FRANCE;22216200;640084024;120
PUP VOLVO FRANCE;22216200;640084025;120
PUP VOLVO FRANCE;22216200;640084026;120
PUP VOLVO FRANCE;21725992;640084027;40
PUP VOLVO FRANCE;23325885;640084028;24
PUP VOLVO FRANCE;23325885;640084029;24
PUP VOLVO FRANCE;23325885;640084030;24
PUP VOLVO FRANCE;23325885;640084031;24
PUP VOLVO FRANCE;23325885;640084032;24
PUP VOLVO FRANCE;22644500;640084033;20
PUP VOLVO FRANCE;22644500;640084034;20
PUP VOLVO FRANCE;21992169;640084035;10
PUP VOLVO FRANCE;21992169;640084036;10
PUP VOLVO FRANCE;21992169;640084037;10
PUP VOLVO FRANCE;21992169;640084038;10
PUP VOLVO FRANCE;21992169;640084039;10
PUP VOLVO FRANCE;21992169;640084040;10
PUP VOLVO FRANCE;21992169;640084041;10
PUP VOLVO FRANCE;21992169;640084042;10
PUP VOLVO FRANCE;22006676;640084043;12
PUP VOLVO FRANCE;22006676;640084044;12
PUP VOLVO FRANCE;22006676;640084045;12
PUP VOLVO FRANCE;22006676;640084046;12
PUP VOLVO FRANCE;22006676;640084047;12
PUP VOLVO FRANCE;22588679;640084048;15
PUP VOLVO FRANCE;22045793;640084049;5
PUP VOLVO FRANCE;21750945;640084050;50
PUP VOLVO FRANCE;21750945;640084051;50
PUP VOLVO FRANCE;21750945;640084052;50
PUP VOLVO FRANCE;21750945;640084053;50
PUP VOLVO FRANCE;21750945;640084054;50
PUP VOLVO FRANCE;21750945;640084055;50
PUP VOLVO FRANCE;22038357;640084056;8
PUP VOLVO FRANCE;22347607;640084057;25
PUP VOLVO FRANCE;22347607;640084058;25
PUP VOLVO FRANCE;23013215;640084059;6
PUP VOLVO FRANCE;22347233;640084060;3
PUP VOLVO FRANCE;22279230;640084061;24
PUP VOLVO FRANCE;22343361;640084062;5
PUP VOLVO FRANCE;22343361;640084063;5
PUP VOLVO FRANCE;22216200;640084064;120
PUP VOLVO FRANCE;21992169;640084065;10
PUP VOLVO FRANCE;21992169;640084066;10
PUP VOLVO FRANCE;21992169;640084067;10
PUP VOLVO FRANCE;21992169;640084068;10
PUP VOLVO FRANCE;21992169;640084069;10
PUP VOLVO FRANCE;21992169;640084070;10
PUP VOLVO FRANCE;21992169;640084071;10
PUP VOLVO FRANCE;21992169;640084072;10
PUP VOLVO FRANCE;22299160;640084265;10
PUP VOLVO FRANCE;22299160;640084266;10
PUP VOLVO FRANCE;22038357;640084277;8
PUP VOLVO FRANCE;22634696;640083993;2
PUP VOLVO FRANCE;22634696;640083994;2
PUP VOLVO FRANCE;22299160;640084267;10
PUP VOLVO FRANCE;22299160;640084268;10
PUP VOLVO FRANCE;22299160;640084269;10
PUP VOLVO FRANCE;22299160;640084270;10
PUP VOLVO FRANCE;22299160;640084271;10
PUP VOLVO FRANCE;22299160;640084272;10
PUP VOLVO FRANCE;22299160;640084273;10
PUP VOLVO FRANCE;22299160;640084274;10
PUP VOLVO FRANCE;23013215;640084275;6
PUP VOLVO FRANCE;23013215;640084276;6
PUP VOLVO FRANCE;22279230;640084278;24
PUP VOLVO FRANCE;22279234;640084303;3
PUP VOLVO FRANCE;22279234;640084304;3
PUP VOLVO FRANCE;22279234;640084305;3
PUP VOLVO FRANCE;22279234;640084306;3
PUP VOLVO FRANCE;22347233;640084307;3
PUP VOLVO FRANCE;22825600;640084308;3
PUP VOLVO FRANCE;22825600;640084309;3
PUP VOLVO FRANCE;22825600;640084310;3
PUP VOLVO FRANCE;22825600;640084311;3
PUP VOLVO FRANCE;22825600;640084312;3
PUP VOLVO FRANCE;22825600;640084313;3
PUP VOLVO FRANCE;22825600;640084314;3
PUP VOLVO FRANCE;22825600;640084315;3
PUP VOLVO FRANCE;22825600;640084316;3
PUP VOLVO FRANCE;22825600;640084317;3
PUP VOLVO FRANCE;22825600;640084318;3
PUP VOLVO FRANCE;22020889;640084319;3
PUP VOLVO FRANCE;22831248;640084320;3
PUP VOLVO FRANCE;22120536;640084321;3
PUP VOLVO FRANCE;22343361;640084322;5
PUP VOLVO FRANCE;22343361;640084323;5
PUP VOLVO FRANCE;23013215;640084324;6
PUP VOLVO FRANCE;23013215;640084325;6
PUP VOLVO FRANCE;23013215;640084326;6
PUP VOLVO FRANCE;23013215;640084327;6
PUP VOLVO FRANCE;23013215;640084328;6
PUP VOLVO FRANCE;23013208;640084329;6
PUP VOLVO FRANCE;21725992;640084330;40
PUP VOLVO FRANCE;22216200;640084331;120
PUP VOLVO FRANCE;22347607;640084332;25
PUP VOLVO FRANCE;22347607;640084333;25
PUP VOLVO FRANCE;22347607;640084334;25
PUP VOLVO FRANCE;22409829;640084335;24
PUP VOLVO FRANCE;22409829;640084336;24
PUP VOLVO FRANCE;22279230;640084337;24
PUP VOLVO FRANCE;22279230;640084338;24
PUP VOLVO FRANCE;22221908;640084339;24
PUP VOLVO FRANCE;23014975;640084340;20
PUP VOLVO FRANCE;23014975;640084341;20
PUP VOLVO FRANCE;23014975;640084342;20
PUP VOLVO FRANCE;23247560;640084343;20
PUP VOLVO FRANCE;23013188;640084344;20
PUP VOLVO FRANCE;23013188;640084345;20
PUP VOLVO FRANCE;23013188;640084346;20
PUP VOLVO FRANCE;23013188;640084347;20
PUP VOLVO FRANCE;23013188;640084348;20
PUP VOLVO FRANCE;23013188;640084349;20
PUP VOLVO FRANCE;21750945;640084350;50
PUP VOLVO FRANCE;21750945;640084351;50
PUP VOLVO FRANCE;21750945;640084352;50
PUP VOLVO FRANCE;21750945;640084353;50
PUP VOLVO FRANCE;21992169;640084354;10
PUP VOLVO FRANCE;21992169;640084355;10
PUP VOLVO FRANCE;21992169;640084356;10
PUP VOLVO FRANCE;21992169;640084357;10
PUP VOLVO FRANCE;21992169;640084358;10
PUP VOLVO FRANCE;21992169;640084359;10
PUP VOLVO FRANCE;21992169;640084360;10
PUP VOLVO FRANCE;21992169;640084361;10
PUP VOLVO FRANCE;21992169;640084362;10
PUP VOLVO FRANCE;21992169;640084363;10
PUP VOLVO FRANCE;21992169;640084364;10
PUP VOLVO FRANCE;21992169;640084365;10
PUP VOLVO FRANCE;21992169;640084366;10
PUP VOLVO FRANCE;21992169;640084367;10
PUP VOLVO FRANCE;21992169;640084368;10
PUP VOLVO FRANCE;21992169;640084369;10
PUP VOLVO FRANCE;21992169;640084370;10
PUP VOLVO FRANCE;21992169;640084371;10
PUP VOLVO FRANCE;21992169;640084372;10
PUP VOLVO FRANCE;22006640;640084373;10
PUP VOLVO FRANCE;22006640;640084374;10
PUP VOLVO FRANCE;22006678;640084375;5
PUP VOLVO FRANCE;22006678;640084376;5
PUP VOLVO FRANCE;22006678;640084377;5
PUP VOLVO FRANCE;22006678;640084378;5
PUP VOLVO FRANCE;22006708;640084379;5
PUP VOLVO FRANCE;22006708;640084380;5
PUP VOLVO FRANCE;22006708;640084381;5
PUP VOLVO FRANCE;22006708;640084382;5
PUP VOLVO FRANCE;22006708;640084383;5
PUP VOLVO FRANCE;22299160;640084384;10
PUP VOLVO FRANCE;22299160;640084385;10
PUP VOLVO FRANCE;22299160;640084386;10
PUP VOLVO FRANCE;22299160;640084387;10
PUP VOLVO FRANCE;22299160;640084388;10
PUP VOLVO FRANCE;22299160;640084389;10
PUP VOLVO FRANCE;22216200;640084555;120
PUP VOLVO FRANCE;22216200;640084556;120
PUP VOLVO FRANCE;22216200;640084557;120
PUP VOLVO FRANCE;22343361;640084558;5
PUP VOLVO FRANCE;22343361;640084559;5
PUP VOLVO FRANCE;22409829;640084560;24
PUP VOLVO FRANCE;23014975;640084561;20
PUP VOLVO FRANCE;22279230;640084562;24
PUP VOLVO FRANCE;23013188;640084563;20
PUP VOLVO FRANCE;23013188;640084564;20
PUP VOLVO FRANCE;22347607;640084565;25
PUP VOLVO FRANCE;23013215;640084566;6
PUP VOLVO FRANCE;23013215;640084567;6
PUP VOLVO FRANCE;23013215;640084568;6
PUP VOLVO FRANCE;22038357;640084569;8
PUP VOLVO FRANCE;22038357;640084570;8
PUP VOLVO FRANCE;22038357;640084571;8
PUP VOLVO FRANCE;21992169;640084572;10
PUP VOLVO FRANCE;21992169;640084573;10
PUP VOLVO FRANCE;21992169;640084574;10
PUP VOLVO FRANCE;21992169;640084575;10
PUP VOLVO FRANCE;21992169;640084576;10
PUP VOLVO FRANCE;21992169;640084577;10
PUP VOLVO FRANCE;21992169;640084578;10
PUP VOLVO FRANCE;21992169;640084579;10
PUP VOLVO FRANCE;22205127;640084580;150
PUP VOLVO FRANCE;22367676;640084581;24
PUP VOLVO FRANCE;23540138;640084582;1
PUP VOLVO FRANCE;991374;640084583;15
PUP VOLVO FRANCE;22347607;640084584;25
PUP VOLVO FRANCE;22343361;640084585;5
PUP VOLVO FRANCE;23013188;640084586;20
PUP VOLVO FRANCE;21749493;640084587;10
PUP VOLVO FRANCE;21749493;640084588;10
PUP VOLVO FRANCE;22692239;640084601;2
PUP VOLVO FRANCE;22692239;640084602;2
PUP VOLVO FRANCE;22692239;640084603;2
PUP VOLVO FRANCE;22776534;640084604;2
PUP VOLVO FRANCE;22776534;640084605;2
PUP VOLVO FRANCE;22776534;640084606;2
PUP VOLVO FRANCE;22776534;640084607;2
PUP VOLVO FRANCE;22776534;640084608;2
PUP VOLVO FRANCE;22776534;640084609;2
PUP VOLVO FRANCE;22776534;640084610;2
PUP VOLVO FRANCE;22776534;640084611;2
PUP VOLVO FRANCE;22776534;640084612;2
PUP VOLVO FRANCE;22776534;640084613;2
PUP VOLVO FRANCE;22776534;640084614;2
PUP VOLVO FRANCE;22776534;640084615;2
PUP VOLVO FRANCE;22776534;640084616;2
PUP VOLVO FRANCE;22776534;640084617;2
PUP VOLVO FRANCE;22776534;640084618;2
PUP VOLVO FRANCE;22776534;640084619;2
PUP VOLVO FRANCE;22776534;640084620;2
PUP VOLVO FRANCE;21992169;640084674;10
PUP VOLVO FRANCE;21992169;640084675;10
PUP VOLVO FRANCE;21992169;640084676;10
PUP VOLVO FRANCE;21992169;640084677;10
PUP VOLVO FRANCE;21992169;640084678;10
PUP VOLVO FRANCE;21992169;640084679;10
PUP VOLVO FRANCE;21992169;640084680;10
PUP VOLVO FRANCE;21992169;640084681;10
PUP VOLVO FRANCE;22038357;640084682;8
PUP VOLVO FRANCE;22038357;640084683;8
PUP VOLVO FRANCE;22006676;640084684;12
PUP VOLVO FRANCE;22006676;640084685;12
PUP VOLVO FRANCE;22006676;640084686;12
PUP VOLVO FRANCE;22006676;640084687;12
PUP VOLVO FRANCE;22006640;640084688;10
PUP VOLVO FRANCE;22006640;640084689;10
PUP VOLVO FRANCE;21493685;640084690;10
PUP VOLVO FRANCE;21493685;640084691;10
PUP VOLVO FRANCE;22039729;640084692;8
PUP VOLVO FRANCE;22039729;640084693;8
PUP VOLVO FRANCE;22739159;640084694;8
PUP VOLVO FRANCE;21750945;640084695;50
PUP VOLVO FRANCE;21750945;640084696;50
PUP VOLVO FRANCE;23392363;640084697;20
PUP VOLVO FRANCE;23392363;640084698;20
PUP VOLVO FRANCE;23247560;640084699;20
PUP VOLVO FRANCE;22644500;640084700;20
PUP VOLVO FRANCE;22644500;640084701;20
PUP VOLVO FRANCE;22644500;640084702;20
PUP VOLVO FRANCE;22644500;640084703;20
PUP VOLVO FRANCE;23013188;640084704;20
PUP VOLVO FRANCE;23013188;640084705;20
PUP VOLVO FRANCE;22409829;640084706;24
PUP VOLVO FRANCE;23325885;640084707;24
PUP VOLVO FRANCE;23325885;640084708;24
PUP VOLVO FRANCE;23325885;640084709;24
PUP VOLVO FRANCE;23325885;640084710;24
PUP VOLVO FRANCE;23325885;640084711;24
PUP VOLVO FRANCE;22347607;640084712;25
PUP VOLVO FRANCE;22347607;640084713;25
PUP VOLVO FRANCE;23013215;640084714;6
PUP VOLVO FRANCE;23013215;640084715;6
PUP VOLVO FRANCE;23013215;640084716;6
PUP VOLVO FRANCE;22692239;640084717;3
PUP VOLVO FRANCE;22343361;640084718;5
PUP VOLVO FRANCE;22825600;640084719;3
PUP VOLVO FRANCE;22825600;640084720;3
PUP VOLVO FRANCE;22825600;640084721;3
PUP VOLVO FRANCE;22825600;640084722;3
PUP VOLVO FRANCE;22825600;640084723;3
PUP VOLVO FRANCE;22825600;640084724;3
PUP VOLVO FRANCE;22825600;640084725;3
PUP VOLVO FRANCE;22825600;640084726;3
PUP VOLVO FRANCE;22825600;640084727;3
PUP VOLVO FRANCE;22831241;640084728;3
PUP VOLVO FRANCE;22825600;640084797;3
PUP VOLVO FRANCE;22825600;640084798;3
PUP VOLVO FRANCE;22825600;640084799;3
PUP VOLVO FRANCE;22825600;640084800;3
PUP VOLVO FRANCE;22825600;640084801;3
PUP VOLVO FRANCE;22825600;640084802;3
PUP VOLVO FRANCE;22825600;640084803;3
PUP VOLVO FRANCE;22020874;640084804;3
PUP VOLVO FRANCE;22020874;640084805;3
PUP VOLVO FRANCE;22020874;640084806;3
PUP VOLVO FRANCE;22020874;640084807;3
PUP VOLVO FRANCE;22020874;640084808;3
PUP VOLVO FRANCE;22020874;640084809;3
PUP VOLVO FRANCE;22020874;640084810;3
PUP VOLVO FRANCE;22020874;640084811;3
PUP VOLVO FRANCE;22020874;640084812;3
PUP VOLVO FRANCE;22020874;640084813;3
PUP VOLVO FRANCE;22020874;640084814;3
PUP VOLVO FRANCE;22020874;640084815;3
PUP VOLVO FRANCE;22020874;640084816;3
PUP VOLVO FRANCE;22634696;640084817;6
PUP VOLVO FRANCE;22216200;640084818;120
PUP VOLVO FRANCE;22216200;640084819;120
PUP VOLVO FRANCE;22409829;640084820;24
PUP VOLVO FRANCE;23013188;640084821;20
PUP VOLVO FRANCE;22006640;640084822;10
PUP VOLVO FRANCE;22588679;640084823;15
PUP VOLVO FRANCE;22006638;640084824;6
PUP VOLVO FRANCE;22634696;640084792;2
PUP VOLVO FRANCE;22634696;640084793;2
PUP VOLVO FRANCE;23244043;640084796;24
